country,population,total_cases,total_deaths,incidence,mortality,cfr,recovery_rate,vaccination_rate
Afghanistan,40578847.0,235214.0,7998.0,0.06407279142258526,0.3918297629304253,3.536818467378664,96.32783812190806,23.981013432934652
Africa,1446883821.0,13063807.0,258288.0,0.026297895828085286,0.10512246926285868,1.9881306338579638,97.73612184093926,19.770331621814027
Albania,2827614.0,337234.0,3608.0,0.21219303624893637,0.7426756268712773,1.0789823480168148,98.53198440768857,26.882055743446514
Algeria,45477391.0,272435.0,6881.0,0.006596684493180358,0.10774584672194584,2.533094785822621,97.09058100383372,11.294665365554463
American Samoa,48365.0,8359.0,34.0,0.0,10.338054378166028,0.40674721856681423,99.63924694217773,
Andorra,79722.0,48015.0,159.0,0.0,7.526153383005946,0.3317337784268725,99.09946651743202,49.51098936729664
Angola,35635028.0,107487.0,1937.0,0.0,0.07296191825638526,1.8340106668182379,97.91057263340467,13.764395341630204
Anguilla,14202.0,3904.0,12.0,0.0,7.041261794113504,0.3073770491803279,99.77449474192647,63.62168514390882
Antigua and Barbuda,92850.0,9106.0,146.0,0.0,12.924071082390952,1.6033384581594552,97.69162441052154,41.772778018571785
Argentina,45407904.0,10118953.0,130839.0,0.0,2.0392925425494206,1.2988986098838873,98.04464611437103,58.38011434211004
Armenia,2880880.0,454894.0,8785.0,0.0,2.4298131126600206,1.9420719564543967,98.09711890841687,16.35664652781671
Aruba,107792.0,44224.0,292.0,0.0,40.819355796348525,0.66027496382055,99.19892451036173,69.87150802931511
Asia,4746329727.0,302173652.0,1637892.0,0.5144501415714644,1.1678708220517189,0.550517736423275,98.92919276833356,58.00791326832036
Asia excl. China,,202791891.0,1515494.0,,,0.7676790901058097,98.88560903058446,
Australia,26200987.0,11861161.0,25236.0,0.0,4.175415223861605,0.2127616343796362,99.15816533274597,44.827796305736236
Austria,9064678.0,6083769.0,22534.0,1.0921513152480429,1.5996155627370325,0.3707208838373378,98.97487157375578,58.08959720865472
Azerbaijan,10295307.0,836510.0,10353.0,0.16512377921318908,0.6993477707852713,1.2376495059802393,98.73835461441489,32.60359814485205
Bahamas,397542.0,39127.0,849.0,0.0,6.791735212883167,2.2029979476787984,97.29509566512615,24.116422690158295
Bahrain,1533460.0,696614.0,1536.0,0.0,1.8911481225463984,0.22049513790994724,99.71901429742282,67.4619906296502
Bangladesh,169384891.0,2052275.0,29531.0,0.015940028558981686,0.15585805702115427,1.4410994332106166,98.43080688446794,53.553247015296456
Barbados,282324.0,109141.0,593.0,0.0,15.230727816267835,0.5492552393284287,98.8141496344501,43.980742433583856
Belarus,9173240.0,994085.0,7118.0,0.0,1.526178318674754,0.7160699249625517,99.27362581240338,31.99719763292857
Belgium,11641814.0,4907118.0,34339.0,2.881853291935432,2.7744817087783744,0.7134453313936594,97.78941640966056,65.92016674785428
Belize,402741.0,71493.0,688.0,0.0,3.4761794801125285,0.9719985306998955,98.2830720853779,33.617658802579136
Benin,13759507.0,28036.0,163.0,0.0,0.06540932026125645,0.5818519311772685,99.21834517937695,9.82602440008581
Bermuda,64772.0,18860.0,165.0,0.0,15.438769838819244,0.8748674443266171,98.4943218592982,50.78907552646205
Bhutan,780921.0,63193.0,21.0,0.0,0.25610785213869264,0.03349442557060146,99.95853111501029,66.9396524143035
Bolivia,12077156.0,1212180.0,22389.0,0.053820618032921,13.330953082000432,1.871592212105681,97.31209025367843,30.741704996301177
Bonaire Sint Eustatius and Saba,28654.0,11922.0,41.0,0.0,10.46974244433587,0.3439020298607616,99.50926003466701,32.108955119704056
Bosnia and Herzegovina,3204802.0,404289.0,16419.0,0.34323493307854896,3.089114397706941,4.058547592185737,95.97094357360994,9.186696356636965
Botswana,2439895.0,330699.0,2801.0,0.0,5.778937208363475,0.8474345432479139,98.91631225742753,32.23831831561058
Brazil,210306411.0,37978000.0,703774.0,0.7170489919111406,2.0203853890122256,1.8812607887981396,97.7019188036242,51.76912998465704
British Virgin Islands,38346.0,7661.0,64.0,0.0,18.254837531945967,0.8646311807619562,98.37689366627866,39.11631846414455
Brunei,455374.0,350550.0,182.0,0.0,2.4155968500617075,0.05377684390469747,99.56346414996217,39.153524289258876
Bulgaria,6825862.0,1341065.0,38778.0,0.0,17.375094896439453,2.957452297786024,96.73433500921588,24.47230744614237
Burkina Faso,22509038.0,22217.0,400.0,0.0,0.1377224561973728,1.8007473101337057,97.96165143093314,6.223013479074494
Burundi,13321102.0,54569.0,15.0,0.0,0.015013772884555647,0.027940245129083933,99.77016362074723,0.1266336673947846
Cambodia,17201721.0,139326.0,3056.0,0.0,0.2499749879677737,2.1934483649622463,98.28020186721189,50.82187654954379
Cameroon,27632770.0,125320.0,1974.0,0.0,0.48131258646889186,1.5780133339728524,98.31055058493247,2.8855777035744152
Canada,38821259.0,4819055.0,55282.0,0.0,0.9839969383785312,1.1471543694770032,98.1787749882773,56.72443759229278
Cape Verde,519750.0,64550.0,417.0,0.0,0.9620009620009621,0.6516306582734951,99.27570960773672,32.2415996701711
Cayman Islands,71610.0,31472.0,37.0,0.0,4.189359028068705,0.1175648195221149,99.38423982578556,59.271760838581116
Central African Republic,5098038.0,15492.0,113.0,0.0,0.13730772505030367,0.7353419665517017,99.2258895700098,22.370670035399094
Chad,18455319.0,7702.0,194.0,0.0,0.06502190506704328,2.520790020790021,96.68826922374548,5.36436706172041
Chile,19553033.0,5410454.0,64497.0,2.6594339609614526,58.54334721370337,1.1661653689028078,98.47728886494484,69.81357120966995
China,1425179562.0,99381761.0,122398.0,0.002946997074604414,3.090628098692872,0.12315941956391778,98.24504125734995,84.20810055860719
Colombia,51737944.0,6402780.0,142805.0,0.0,1.3916285502183852,2.242201499325558,97.5938026573918,34.83795159274684
Comoros,834191.0,9109.0,161.0,0.0,0.9590129838370349,1.7565045559336918,97.79544635840224,21.262880243653232
Congo,6035104.0,25234.0,389.0,0.0,0.331394454842866,1.5426101439505095,98.36547813136374,3.3855747970540357
Cook Islands,14747.0,7375.0,2.0,0.0,6.781040211568454,0.02711864406779661,99.97597622641085,95.14738330090606
Costa Rica,5081764.0,1242731.0,9397.0,0.0,0.9839103114587769,0.7611218380044078,99.10494983722542,47.93906587337314
Croatia,3907031.0,1371473.0,18805.0,0.998200423800067,2.354729204861697,1.4218124469246634,98.35799591849984,45.83798416984349
Cuba,11059822.0,1113834.0,8530.0,0.01808347367615862,0.8860902101317725,0.7659883224945536,98.9607914753092,75.59602626227908
Curacao,185350.0,45883.0,305.0,0.0,7.553277582951174,0.6647342152867075,98.94768329361746,46.37992236237103
Cyprus,1331376.0,718652.0,1364.0,0.0,2.103087332203675,0.2051503288371602,99.5919130386462,31.7705857913703
Czechia,10673216.0,4886177.0,43927.0,1.3210638667857937,2.4453735406460435,0.9214866605227294,98.79966653111215,54.058812670553664
Democratic Republic of Congo,102396974.0,101010.0,1474.0,0.0,0.20410759403886292,1.5050673120556648,97.42300448711715,1.6296096213727054
Denmark,5902901.0,3453415.0,10012.0,1.8634905108522064,2.032898739111498,0.2900293853184645,99.24095796108553,63.510920134456384
Djibouti,1137101.0,15690.0,189.0,0.0,0.5276576135277341,1.2045889101338432,98.83234298918406,15.757444896457175
Dominica,66847.0,16047.0,74.0,0.0,8.975720675572576,0.4611453854302985,99.63788338891564,30.85869223749757
Dominican Republic,11230734.0,661103.0,4384.0,0.0,0.41849446349633074,0.6633579469797846,99.00493308521035,45.72576925916121
East Timor,1369299.0,23460.0,138.0,0.0,0.3651503433508679,0.5882352941176471,99.5407031838019,38.62003205771402
Ecuador,17823900.0,1081993.0,36064.0,0.0028052222016505925,49.29336452740422,3.400175231212285,95.68883094271892,47.886057204573966
Egypt,112618252.0,516023.0,24830.0,0.0,0.08613168671806415,4.8118010243729445,95.0005343419191,18.63541559853016
El Salvador,6280316.0,202066.0,4230.0,0.0,0.3025325477253055,2.0962698290771953,97.61361862505781,40.11469196210921
Equatorial Guinea,1803549.0,17130.0,183.0,0.0,2.3287418306904883,1.0683012259194395,98.85512457511554,7.741831984234048
Eritrea,3409450.0,10189.0,103.0,0.0,0.08799073164293361,1.0108941014819903,99.20948072214652,
Estonia,1350093.0,617344.0,3417.0,0.0,6.369931552863395,0.5381135235438922,99.29381195606497,53.832975090617204
Eswatini,1218921.0,75356.0,1427.0,0.0,1.9689545097672447,1.9029965193966953,97.93729346613335,16.990552933415618
Ethiopia,125384285.0,501324.0,7574.0,0.003987740568923769,0.03907985757545294,1.5119394106350783,98.16878218426311,21.447332095884267
Europe,748314268.0,254938991.0,2111189.0,2.0520121901511037,2.5052308637792806,0.8333547984000453,97.54271953256215,54.85258342490741
European Union (27),449113463.0,186970603.0,1270487.0,1.328728816129923,3.498893107107769,0.6798182810384054,97.35817447963142,60.76589901846993
Falkland Islands,3515.0,1923.0,0.0,0.0,0.0,0.0,100.0,16.55761024182077
Faroe Islands,54039.0,34658.0,28.0,0.0,3.7010307370602713,0.08078942812626233,99.91399539604677,44.55044116883326
Fiji,919428.0,69047.0,885.0,0.0,3.154134962172133,1.2817356293539184,98.41573996221142,56.90709920991218
Finland,5569300.0,1517778.0,11466.0,1.4005350762214281,3.662937891656043,0.7584186052664652,98.90282818947007,59.27715644828029
France,66277412.0,39058710.0,168202.0,0.0,8.452351760506279,0.4310134167993666,97.52816585406893,61.88248918363775
French Guiana,298319.0,98041.0,413.0,0.0,3.352116358663042,0.42125233320753563,99.53526249049708,
French Polynesia,280388.0,79451.0,650.0,0.0,19.259026777180193,0.8184439491809266,99.22838549899238,38.14615441339134
Gabon,2430750.0,49069.0,307.0,0.0,0.24683739586547362,0.6258791869686653,99.27717178364932,4.3389855240152215
Gambia,2636472.0,12627.0,372.0,0.0,4.286030725909472,2.946301283066688,97.25939449366292,7.25678534178871
Georgia,3794782.0,1864337.0,17151.0,0.23716777406449172,2.2662698410606987,0.9265559307028941,98.97289995788213,19.048570017822005
Germany,84086227.0,38437952.0,174979.0,0.0,7.682589920463431,0.4552268868141002,98.09491910561708,57.06995886028092
Ghana,33149152.0,172779.0,1463.0,0.0,0.9080171945273291,0.8496789004442398,99.23646411189074,13.354394021546481
Gibraltar,37631.0,20550.0,113.0,0.0,23.91645186149717,0.5498783454987834,99.29676756252377,87.76443585015488
Greece,10412481.0,5860196.0,40239.0,0.0,7.030024832698374,0.6966435973277515,98.55868886086269,61.76439826266389
Greenland,56014.0,11971.0,21.0,0.0,5.355803906166315,0.1754239411912121,99.8804356001336,36.60907575303976
Grenada,116928.0,19693.0,238.0,0.0,11.117952928297756,1.2085512618696999,98.88989425495309,22.139200028670473
Guadeloupe,384702.0,203235.0,1021.0,0.0,26.77397050184298,0.5023740989494919,98.81152576261242,
Guam,165193.0,52287.0,419.0,0.0,7.26423032452949,0.8097404125166654,98.8626962386828,
Guatemala,17847877.0,1255261.0,20205.0,0.12046250654909825,0.6779517810437622,1.6294347842585395,97.8281681006346,15.930880363906306
Guernsey,63750.0,35326.0,67.0,0.0,6.2745098039215685,0.18966200532185926,98.79295602513103,40.82496732026144
Guinea,14055136.0,38593.0,468.0,0.0,0.0924928794712481,1.2126551447153628,98.93586388049826,6.446242314982616
Guinea-Bissau,2105535.0,9614.0,177.0,0.0,0.2849632041262672,1.841065113376326,98.1851045576524,8.278362574289739
Guyana,821638.0,75520.0,1312.0,0.0,1.7039134022525735,1.775570130903702,97.35856069751608,28.421108200935205
Haiti,11503603.0,35027.0,860.0,0.0,0.10431514369889154,2.5045684187896375,97.42465964502273,0.7560603929613324
High-income countries,1410112397.0,458028338.0,3500908.0,3.503515046396688,1.5222190830792335,0.7636668059007521,98.05213703614437,59.64448857859904
Honduras,10463880.0,473041.0,11114.0,0.0,0.9365550828182281,2.351865394835889,97.41044966561806,31.18871514381354
Hungary,9684308.0,2240737.0,49124.0,0.0,5.0494056983730795,2.215860156624435,96.79883598727695,42.958466200655415
Iceland,380368.0,211246.0,186.0,0.0,18.140327262019937,0.08862629246676515,99.82086280448269,40.91881508734399
India,1425423209.0,45056126.0,533847.0,0.02062545341928693,0.43131050211488453,1.1850570502720146,98.67918018660741,49.82040985724339
Indonesia,278830527.0,6830274.0,162059.0,0.08858427470533024,0.7420277909527461,2.388560178461963,97.13443741694033,26.584347270882553
Iran,89524247.0,7627863.0,146837.0,0.11840367671565,0.7919642150131685,1.9250083542402374,97.31912033736859,50.33148534073493
Iraq,44070556.0,2465545.0,25375.0,0.0,0.27682881967724665,1.029184216876999,98.53448245313967,12.11337624717056
Ireland,5110015.0,1766266.0,9773.0,2.2896214590368134,1.5068448918447401,0.5532497973532149,98.59308534922755,75.05151886201821
Isle of Man,84148.0,38008.0,116.0,0.0,7.130294243475781,0.3051989054935803,98.17601099079971,51.041272658567664
Israel,9103143.0,4841701.0,12707.0,1.2742851562366975,0.8238912648082097,0.26245683724123514,99.5739244381344,59.7037472917415
Italy,59619106.0,26969856.0,198523.0,2.566291416714635,1.6655734488873417,0.7366898086662161,97.49583949497463,64.50522825364858
Jamaica,2839150.0,157666.0,3634.0,0.0,1.6906468485286088,2.295579653070657,97.77975426881335,20.623220815402068
Japan,124997585.0,33803572.0,74694.0,0.032800633708243244,7.922553063725191,0.2209648140143296,99.19557289840156,64.61183190059232
Jersey,103493.0,66391.0,161.0,0.0,3.8649957001922832,0.24250274886656326,98.66583793493261,67.79985705371963
Jordan,11256269.0,1746997.0,14122.0,0.0,0.9861171583586,0.8083585718807761,99.07518065480959,24.958692560205478
Kazakhstan,20034612.0,1504370.0,19072.0,0.09982723898022083,11.435210225184296,1.2690495502898813,98.69909235244249,34.60307491413858
Kenya,54252458.0,344140.0,5689.0,0.0018432344576903778,0.06819967493454399,1.657951345773798,98.17821229811709,5.325337727619803
Kiribati,130483.0,5085.0,24.0,0.0,4.598300161706889,0.471976401179941,99.56252863912205,49.31321102584792
Kosovo,1717950.0,274279.0,3212.0,0.11641782356878838,2.0955208242381906,1.171544145564999,98.46516536925137,40.64605332624812
Kuwait,4589514.0,667290.0,2570.0,0.0,0.43577598848156907,0.38609168550804107,99.5542304407135,69.22000219912879
Kyrgyzstan,6955792.0,88953.0,1024.0,0.0,1.1932501719430368,1.1511697188402863,98.85456861362664,16.961962167107448
Laos,7559008.0,219060.0,671.0,0.0,0.18520948780580732,0.30630877385191274,99.7635004577124,29.95869321300714
Latvia,1881059.0,977798.0,7720.0,0.0,14.087809047988394,0.7775817544936208,98.89185802305983,40.25480148161704
Lebanon,5744492.0,1239904.0,10947.0,0.12185585775034588,5.257209862943495,0.8828909334916252,98.94315639292286,22.41424878640377
Lesotho,2286112.0,36140.0,709.0,0.0,1.093559720608614,2.046970136271383,97.73727916601104,27.906839209977463
Liberia,5373297.0,8090.0,294.0,0.0,0.26054766747492275,3.7074401008827236,95.71554429649633,21.902293684374495
Libya,7223804.0,507269.0,6437.0,0.0,0.7336854654417534,1.269052045525788,98.55283762024558,11.804147498557086
Liechtenstein,39338.0,21649.0,89.0,0.0,10.16828511871473,0.41234247590808004,99.26595330022828,
Lithuania,2816923.0,1448050.0,9923.0,1.8814855784130415,2.2009831294643125,0.7336871563469137,98.94213422113017,55.25718345737884
Low-income countries,716865809.0,1945092.0,43529.0,0.019110968647132114,0.13475325338050823,2.2732898148225837,97.48539604749732,15.794079647411182
Lower-middle-income countries,3044254723.0,78235581.0,931048.0,0.058766435886055124,0.22744483067358617,1.1937415353280985,98.54234489416,41.66982478733099
Luxembourg,653315.0,401517.0,1000.0,0.0,5.05116214995829,0.2623962429008301,99.43206279082318,1.671076792793248
Madagascar,30437261.0,68733.0,1428.0,0.0,0.17741412408954932,2.0821781889281232,98.07580707322269,4.245006888389058
Malawi,20568731.0,89168.0,2686.0,0.0,0.24308743208319464,3.023583047222379,96.86897707085788,3.631002710766066
Malaysia,34695494.0,5329836.0,37351.0,0.04755660778313172,1.7062734428856956,0.722836701306437,99.22161886454555,66.9618864984329
Maldives,524116.0,186694.0,316.0,0.0,1.9079745705149243,0.16926092964958703,99.79299916799324,44.9729525316362
Mali,23072641.0,33199.0,743.0,0.0,0.047675513175973225,2.2470211113517093,97.14007490359458,4.560859775303294
Malta,528194.0,125286.0,1119.0,0.0,4.922433802731572,0.8203750748369768,99.09178686242704,71.88550045295236
Marshall Islands,40094.0,16297.0,17.0,0.0,7.482416321644137,0.10431367736393202,99.92620266833072,
Martinique,349462.0,230354.0,1104.0,0.0,32.62157258872209,0.4792623527266729,98.9975850019366,
Mauritania,4875644.0,63891.0,997.0,0.0,3.056006550109073,1.5709446151422044,97.61680273497704,15.522882720723663
Mauritius,1276134.0,332105.0,1074.0,0.0,4.623338928357054,0.3488507306484747,99.20250756436681,67.02282421901208
Mayotte,305279.0,42027.0,187.0,0.0,4.913538107763718,0.44516390125455285,99.3938186791765,
Mexico,128613116.0,7629928.0,335098.0,0.24258801100814634,1.1624008860807011,4.4170792424831395,93.78016498687273,28.420434283592733
Micronesia (country),112122.0,31765.0,65.0,0.0,11.594513119637538,0.2137582588418189,99.78870114158666,
Moldova,3039986.0,656455.0,12290.0,0.0,7.598719204627916,1.9535637506141998,97.85307942121007,21.209208484549436
Monaco,38950.0,17181.0,67.0,0.0,7.702182284980745,0.3981932723166528,99.39480671870693,41.99614890885751
Mongolia,3386015.0,1011489.0,2136.0,0.0,0.5611315956958254,0.2111823840671987,99.80266894776017,55.57143485779005
Montenegro,614649.0,251280.0,2654.0,0.0,11.388613664058674,1.058877445186811,97.26477079482348,33.443950231819684
Montserrat,4476.0,1403.0,8.0,0.0,44.68275245755139,0.5702066999287242,97.88414824395247,31.62937375403863
Morocco,37329068.0,1279115.0,16305.0,0.026788774903246982,0.34021744127123665,1.280638747652241,98.48720244765583,35.482482247344784
Mozambique,32656242.0,233927.0,2252.0,0.0,0.10411485804153461,0.9628828335777596,99.05656272937621,22.266074162789458
Myanmar,53756791.0,643401.0,19494.0,0.007440920348091463,0.7385113445480777,3.0346712929302173,97.03712575768421,28.778523436096794
Namibia,2889668.0,172557.0,4110.0,0.0,5.190907744419082,2.3818354621108506,97.92297539087934,5.757765504260927
Nauru,11822.0,5393.0,1.0,0.0,8.45880561664693,0.018542555164101613,99.98205343706992,77.28979868042632
Nepal,29715435.0,1003946.0,12034.0,0.006730508908922249,0.8278525957974365,1.1989635756639594,98.90555056715,41.70684338795646
Netherlands,17904421.0,8648106.0,22986.0,0.0,6.618477078929278,0.2672673845887668,98.5388124216312,53.892925589234565
New Caledonia,287130.0,80203.0,314.0,0.0,8.010308919304844,0.3915065521239854,99.58471686842613,46.06755292232869
New Zealand,5131731.0,2668236.0,4538.0,0.0,2.8450439042888256,0.16930469478052879,99.53799322223992,57.80632612715442
Nicaragua,6730662.0,16805.0,245.0,0.0,0.26743283201563234,1.5632976008167432,97.4928659702707,65.25048848587751
Niger,25311978.0,9573.0,315.0,0.0,0.21728843158760644,3.3112582781456954,95.97152201944436,6.50424108764132
Nigeria,223150906.0,267229.0,3155.0,0.0,0.04167583348283605,1.18319007545415,98.65747541179583,6.672441768201701
Niue,1844.0,1092.0,0.0,0.0,0.0,0.0,100.0,81.27259580621836
North America,604356255.0,124519878.0,1714578.0,0.4101885236548102,1.0098348365733385,1.3684272994525477,98.14492454197277,53.83112031203196
North Macedonia,1840236.0,352093.0,9991.0,0.0,17.60643743519853,2.853745882501601,96.82788776163893,27.219357243250546
Northern Mariana Islands,46101.0,14985.0,41.0,0.0,6.507451031430989,0.2955594002306805,98.88911896149732,
Norway,5456796.0,1551217.0,5732.0,1.0262432387063765,3.7201317403106144,0.3762391704884611,99.40072066899344,50.432861370401916
Oceania,45049680.0,15032781.0,33170.0,0.06437337623707871,2.6548468268809016,0.22065112237050483,99.31312603907256,48.11424056738332
Oman,4730229.0,399449.0,4628.0,0.0,2.6002969412263126,1.1585959659430867,98.88527683493759,23.932700437660962
Pakistan,243700667.0,1580631.0,30656.0,0.0,0.12843625085359325,1.9395240017360562,98.01840842342489,37.200026146200805
Palau,17784.0,6372.0,10.0,0.0,33.738191632928476,0.15030060120240482,99.86784681464873,
Palestine,5305274.0,703228.0,5708.0,0.0,0.640871706155045,0.8116855415313383,99.15990726339489,14.305050839167645
Panama,4400775.0,1045662.0,8830.0,0.0,1.3861194903170464,0.8441663391182683,98.82107383205961,38.78658538419202
Papua New Guinea,10203177.0,46864.0,670.0,0.0,0.940883413078103,1.4296688289518606,98.7354570261273,2.0841363731798737
Paraguay,6760460.0,735759.0,19880.0,0.0,2.2483677146229692,2.701971705408972,97.3511511293922,14.744013416420845
Peru,33475436.0,4533436.0,221067.0,0.3644463361134415,2.5182644372428786,4.894677729389463,93.34577495051343,63.684482429109885
Philippines,113964343.0,4173631.0,66864.0,0.11889683775915769,0.4246942396710873,1.6149230638808052,97.56105657337768,26.19966434860791
Pitcairn,,4.0,0.0,,,0.0,100.0,
Poland,38385734.0,6841336.0,120979.0,0.6356528183100524,2.4852983142122542,1.835410653834927,97.88896364540942,49.72621027606547
Portugal,10417074.0,5671586.0,29643.0,0.0,19.333643977185915,0.5139303186092921,98.9395259668598,68.80353963971926
Puerto Rico,3240972.0,1252713.0,5938.0,0.30854941048549633,0.9873581135535883,0.4855355620583729,98.69274260177494,
Qatar,2892466.0,514524.0,690.0,2.143499698872865,0.34572575788272014,0.13429637458178356,99.84362853974163,62.19461673385764
Reunion,871543.0,494595.0,921.0,0.0,4.360083208745868,0.18621296212052285,99.71534578184773,
Romania,19166776.0,3603852.0,69095.0,0.27652016176325117,3.0834606717373854,2.0148334833269543,97.55314198506025,26.288558947818395
Russia,145579889.0,24901467.0,404290.0,3.2264071859540984,0.8613827147512113,1.7325408396841144,98.19831808215707,32.19498362777569
Rwanda,13651025.0,133274.0,1468.0,0.0,0.16116005940945827,1.1020359137589335,98.95912970918657,31.593796331881936
Saint Barthelemy,10948.0,5507.0,5.0,0.0,18.26817683595177,0.09079353550027239,99.91601384838107,
Saint Helena,5369.0,2166.0,0.0,0.0,0.0,0.0,100.0,
Saint Kitts and Nevis,46732.0,6607.0,46.0,0.0,8.559445347941454,0.6962312698652944,99.4447075967513,38.747452408327185
Saint Lucia,178794.0,30254.0,410.0,0.0,10.067451927917043,1.3562237438391056,98.7396707207446,21.05210523936299
Saint Martin (French part),28899.0,12324.0,46.0,0.0,24.22229142876916,0.3745928338762215,99.01653148021782,
Saint Pierre and Miquelon,5760.0,3426.0,2.0,0.0,17.36111111111111,0.05837711617046118,99.9614388126161,
Saint Vincent and the Grenadines,102063.0,9674.0,124.0,0.0,8.818082948766937,1.281786231135001,99.00253925732301,24.12816515636403
Samoa,215270.0,17057.0,31.0,0.0,1.8581316486273052,0.18174356569150496,99.86438926076409,47.75608270115169
San Marino,34113.0,25292.0,126.0,0.0,17.58860258552458,0.5182216893697263,98.49145345010696,31.767795420948175
Sao Tome and Principe,226313.0,6771.0,80.0,0.0,1.767463645482142,1.2141447867658217,98.67037556208247,22.755375320471913
Saudi Arabia,32175351.0,841469.0,9646.0,0.11188689130384312,0.1802622137673028,1.1463286229201552,98.77163479122787,55.141511834133034
Senegal,17651099.0,89437.0,1972.0,0.0,0.7761556376744586,2.21336327905671,97.86816408491794,4.799722273149848
Serbia,6791215.0,2568005.0,18057.0,1.384141129385537,1.0160184885915113,0.7148223892770614,99.0914687842683,33.9064205364017
Seychelles,125533.0,51899.0,172.0,0.0,8.762636119586086,0.33327520393729776,99.68555155893895,38.85787981180323
Sierra Leone,8276809.0,7985.0,126.0,0.0,0.07249170543865395,1.6104096882246843,98.08405668633253,19.588673840401356
Singapore,5649888.0,3006155.0,2024.0,0.05309839770275092,1.2389626130641882,0.06732853096397225,99.91692024508065,66.8102792746902
Sint Maarten (Dutch part),42163.0,11051.0,92.0,0.0,11.858738704551383,0.8325038458058095,97.92313226216982,52.985650926167494
Slovakia,5473195.0,1889642.0,21395.0,0.3654172745535286,3.7272562004459915,1.132487415466717,98.61578186422463,32.53377164814874
Slovenia,2115231.0,1366814.0,9914.0,0.0,19.09956879414116,0.7287707121502706,98.59942449397192,38.07949275539629
Solomon Islands,781075.0,25954.0,199.0,0.0,5.8893192075024805,0.7667411574323804,99.41340301101303,11.299201836026086
Somalia,17801895.0,27334.0,1361.0,0.0,0.48309463683501114,4.979146850076828,95.29054505536628,7.544205028910266
South Africa,62378417.0,4073151.0,102595.0,0.0,1.3530320912119331,2.5191938285091857,97.4006406894066,22.916266522562722
South America,430492816.0,69327528.0,1356387.0,1.1541423724943183,2.7038778737715337,1.987560045836184,97.45060360869725,60.41279035403445
South Korea,51782515.0,34571873.0,35934.0,0.096557689405391,1.9813637865986231,0.11104207406416061,99.45174824881767,59.18073515358469
South Sudan,11021175.0,18873.0,147.0,0.0,0.08166098442316722,0.7810009563277016,99.05319914843092,9.778424540930313
Spain,47828386.0,13980340.0,121880.0,0.0,12.212412938207866,0.8716812323591557,98.03917869322837,52.88649348900799
Sri Lanka,22834965.0,672812.0,16907.0,0.00875849820658801,1.0641575321004433,2.5098449709813044,97.96823738050539,41.28998028004223
Sudan,49383344.0,63993.0,5046.0,0.0,1.9257505121564875,7.885237447845858,91.92272455951627,5.591239160355468
Suriname,623172.0,82516.0,1406.0,0.0,2.086101429460887,1.7040978341231652,97.99827341952215,19.200976794706936
Sweden,10487335.0,2785768.0,29351.0,1.4445996051427747,2.326615865708495,1.0209385379035938,98.1554170210088,54.26290612070689
Switzerland,8792180.0,4491534.0,14170.0,1.2397380399400377,1.2511117834257262,0.3186352278698887,99.03499165502328,
Syria,22462170.0,57423.0,3163.0,0.0,0.093490522064431,5.508245824843703,94.30941781790493,5.286194150728387
Tajikistan,10182228.0,17786.0,125.0,0.0,0.08838929947355334,0.7027999550208028,99.2652174379711,19.477867159820033
Tanzania,64711822.0,43606.0,846.0,0.0,0.8360141675504053,1.9700992035769176,97.46916188689573,18.640434732998933
Thailand,71735321.0,5419906.0,34993.0,0.0,0.43493218633537584,0.7224983331440833,99.1854865583237,46.18053799740105
Togo,9089742.0,39553.0,290.0,0.0,0.05500706180659473,0.7340657115374879,98.93513758790293,9.311984652589699
Tokelau,2312.0,80.0,0.0,0.0,0.0,0.0,100.0,
Tonga,105053.0,16992.0,13.0,0.0,3.807601877147725,0.07415647015202076,99.9300406344602,63.04592919764309
Trinidad and Tobago,1495923.0,191496.0,4390.0,0.0,3.8103565491004554,2.2924760830513433,97.4532481039474,34.204907593680716
Tunisia,12119338.0,1153361.0,29423.0,0.0,2.87144396830916,2.551065971538833,97.20747210658313,29.665827429254342
Turkey,87058469.0,17004725.0,101419.0,0.0,0.4525694105647551,0.59641826775069,99.18676821021153,44.60153131504396
Turks and Caicos Islands,45869.0,6933.0,41.0,0.0,4.360243301576228,0.5924855491329479,99.01323913102368,52.63868843881489
Tuvalu,10012.0,2943.0,1.0,0.0,9.988014382740712,0.03397893306150187,99.97569751473678,86.96813823411905
Uganda,47312718.0,172222.0,3632.0,0.0,1.6887636850624392,2.1097634648450208,98.14729064784188,14.403422023745168
Ukraine,41048768.0,5555243.0,109937.0,0.0,11.184257710243582,1.9878895336808553,98.00304619532449,12.826449843485898
United Arab Emirates,10242085.0,1067030.0,2349.0,0.6639273155807631,0.19527273987669502,0.22199750786411138,99.72350238995878,81.2124842590259
United Kingdom,68179315.0,25112865.0,232112.0,2.592428510025365,2.1810134056054977,0.929809873926142,96.7629193859586,53.72532672486504
United States,341534041.0,103436829.0,1235885.0,14.175160946841022,1.4818435038514945,1.1837424627560114,98.44144842159496,53.176429289206325
United States Virgin Islands,86521.0,25389.0,132.0,0.0,4.623155072179008,0.5237297714650021,99.04315459374398,
Upper-middle-income countries,2847730001.0,239775137.0,2632666.0,0.37570275258690156,1.5579426414870994,1.1051239864024467,97.95881195816744,64.38883757266186
Uruguay,3390913.0,1043230.0,7696.0,0.0,2.595171270982181,0.7379535839280731,98.9588383879225,69.42043167535606
Uzbekistan,34938953.0,175158.0,1016.0,0.0,0.1373824796638869,0.5803028312609592,99.46389988900778,25.532463992847465
Vanuatu,313061.0,12019.0,14.0,0.0,1.5971328271487026,0.11648223645894001,99.91294433743275,17.770321876062827
Vatican,513.0,26.0,0.0,0.0,0.0,0.0,100.0,
Venezuela,28213015.0,552743.0,5856.0,0.0,0.07797819552429969,1.0595355485394296,98.90507539227934,25.41046589864839
Vietnam,99680656.0,11624000.0,43206.0,0.002006407341460514,0.8065757512671264,0.3717487472000107,99.25000968879226,38.61658290534842
Wallis and Futuna,11501.0,3760.0,9.0,0.0,60.86427267194157,0.23936170212765956,99.48440551872665,36.97896895497953
World,8021407196.0,779056637.0,7111504.0,0.8774457932405904,0.7126804387702349,0.9127394629908087,98.14168727657531,50.575291198292355
World excl. China,,679674876.0,6989106.0,,,1.0282733553061258,97.93987371142553,
World excl. China and South Korea,,645103003.0,6953172.0,,,1.0777326121908322,97.87895244658722,
"World excl. China, South Korea, Japan and Singapore",,608293276.0,6876454.0,,,1.130340721088322,97.75291534413341,
Yemen,38222878.0,11945.0,2159.0,0.0,0.1569740509859043,18.07450816241105,80.49387900617373,1.0794949068895223
Zambia,20152935.0,349892.0,4078.0,0.0,0.35726806045868753,1.1800593810068019,98.5669557701257,7.818128829670927
Zimbabwe,16069061.0,266436.0,5740.0,0.0,0.6658758716517412,2.1549377733561093,96.62305983634037,15.439517896810136
